name,datetime,tempmax,tempmin,temp,feelslikemax,feelslikemin,feelslike,dew,humidity,precip,precipprob,precipcover,preciptype,snow,snowdepth,windgust,windspeed,winddir,sealevelpressure,cloudcover,visibility,solarradiation,solarenergy,uvindex,severerisk,sunrise,sunset,moonphase,conditions,description,icon,stations
new york city,2025-01-01,10.4,5.1,7.8,10.4,0.6,5.2,2.2,69.7,0.915,100,4.17,rain,0,0,60.5,28.7,273.5,1001.2,85.7,14.4,43.6,3.8,3,,2025-01-01T07:20:16,2025-01-01T16:39:37,0.06,"Rain, Partially cloudy",Partly cloudy throughout the day with early morning rain.,rain,"72505394728,KEWR,KLGA,72502014734,F1417,KNYC,72503014732"
new york city,2025-01-02,5.8,1.3,3.8,1.3,-4.9,-0.8,-7,46,0,0,0,,0,0,60.9,33.4,267,1012.2,53.6,16,62.9,5.4,3,,2025-01-02T07:20:20,2025-01-02T16:40:29,0.1,Partially cloudy,Partly cloudy throughout the day.,partly-cloudy-day,"72505394728,KEWR,KLGA,72502014734,F1417,KNYC,72503014732"
new york city,2025-01-03,3.5,-0.5,1.6,0.4,-5.4,-2.8,-8.6,47.3,0,0,0,,0,0,45.8,23.8,267.7,1011.5,71.3,16,99.3,8.5,6,,2025-01-03T07:20:23,2025-01-03T16:41:22,0.13,Partially cloudy,Partly cloudy throughout the day.,partly-cloudy-day,"72505394728,KEWR,KLGA,72502014734,F1417,KNYC,72503014732"
new york city,2025-01-04,0.4,-1.7,-0.5,-4.5,-7.6,-6.2,-13.1,38.6,0,0,0,,0,0,60.8,32.7,288.3,1011,67.8,16,79.3,6.7,6,,2025-01-04T07:20:23,2025-01-04T16:42:17,0.17,Partially cloudy,Partly cloudy throughout the day.,partly-cloudy-day,"72505394728,KEWR,KLGA,72502014734,F1417,KNYC,72503014732"
new york city,2025-01-05,0.8,-2,-1.1,-4.1,-8,-6.4,-12,43.6,0,0,0,,0,0,53.6,28.1,277,1016.2,62.8,16,87.6,7.5,4,,2025-01-05T07:20:21,2025-01-05T16:43:13,0.21,Partially cloudy,Partly cloudy throughout the day.,partly-cloudy-day,"72505394728,KEWR,KLGA,72502014734,F1417,KNYC,72503014732"
new york city,2025-01-06,-1,-4.6,-1.8,-1,-10.4,-5.2,-8,63.4,1.565,100,16.67,"rain,snow",0.3,0.3,56.8,19.9,339.6,1010.2,75.5,13.5,17.6,1.4,1,,2025-01-06T07:20:16,2025-01-06T16:44:11,0.25,"Snow, Rain, Partially cloudy",Partly cloudy throughout the day with rain or snow in the morning and afternoon.,snow,"72505394728,KEWR,KLGA,72502014734,F1417,KNYC,72503014732"
new york city,2025-01-07,0.4,-7,-3.3,-5.7,-14.8,-10.3,-12.8,48,0,0,0,,0,0.3,63.4,32.5,302.5,1009.8,33.5,16,114.4,9.8,5,,2025-01-07T07:20:10,2025-01-07T16:45:10,0.28,Partially cloudy,Partly cloudy throughout the day.,partly-cloudy-day,"72505394728,KEWR,KLGA,72502014734,F1417,KNYC,72503014732"
new york city,2025-01-08,-1.3,-4.9,-3.3,-8,-13.6,-10.4,-14.8,40.7,0,0,0,,0,0,61.7,37.1,295.4,1012.4,40.6,16,114.5,10,6,,2025-01-08T07:20:01,2025-01-08T16:46:10,0.31,Partially cloudy,Clearing in the afternoon.,partly-cloudy-day,"72505394728,KEWR,KLGA,72502014734,F1417,KNYC,72503014732"
new york city,2025-01-09,1,-5.4,-2.6,-5.1,-13.4,-9.5,-12.5,46.5,0,0,0,,0,0,67.1,41.7,300.9,1007.8,26.2,16,112.4,9.8,5,,2025-01-09T07:19:50,2025-01-09T16:47:11,0.35,Partially cloudy,Partly cloudy throughout the day.,partly-cloudy-day,"72505394728,KEWR,KLGA,72502014734,F1417,KNYC,72503014732"
new york city,2025-01-10,4.1,-2.5,0.6,0.8,-8.8,-3.9,-10,45.9,0,0,0,,0,0,53,25.2,300.5,1011.9,25.5,16,101.1,8.7,5,,2025-01-10T07:19:36,2025-01-10T16:48:14,0.38,Partially cloudy,Partly cloudy throughout the day.,partly-cloudy-day,"72505394728,KEWR,KLGA,72502014734,F1417,KNYC,72503014732"
new york city,2025-01-11,2.3,-1.9,0.2,1.7,-6.1,-3.4,-7.1,59.3,0.566,100,12.5,"rain,snow",0.5,0.1,52.7,25.1,300.7,1002.2,79,14.8,63.2,5.3,4,,2025-01-11T07:19:20,2025-01-11T16:49:17,0.42,"Snow, Rain, Partially cloudy",Partly cloudy throughout the day with rain or snow clearing later.,snow,"72505394728,KEWR,KLGA,72502014734,F1417,KNYC,72503014732"
new york city,2025-01-12,5.5,-0.6,2.4,4,-5.3,-0.5,-6.9,50.6,0,0,0,,0,0,37.1,18.3,305.6,1014.5,44.1,16,106,9.1,5,,2025-01-12T07:19:02,2025-01-12T16:50:22,0.46,Partially cloudy,Partly cloudy throughout the day.,partly-cloudy-day,"72505394728,KEWR,KLGA,72502014734,F1417,KNYC,72503014732"
new york city,2025-01-13,5.8,1,3.3,3.8,-2.6,0.5,-6.9,47.4,0,0,0,,0,0,50,23.4,243.8,1014.2,48.5,16,48.2,4.2,2,,2025-01-13T07:18:42,2025-01-13T16:51:28,0.5,Partially cloudy,Partly cloudy throughout the day.,partly-cloudy-day,"72505394728,KEWR,KLGA,72502014734,F1417,KNYC,72503014732"
new york city,2025-01-14,1.8,-3.2,-0.8,-2.4,-9.6,-6,-13.1,39.1,0,0,0,,0,0,51.5,30.3,288.7,1015.6,37,16,121.5,10.5,5,,2025-01-14T07:18:20,2025-01-14T16:52:34,0.52,Partially cloudy,Partly cloudy throughout the day.,partly-cloudy-day,"72505394728,KEWR,KLGA,72502014734,F8726,F1417,KNYC,72503014732"
new york city,2025-01-15,-0.1,-5,-2.7,-5.3,-12.2,-8.5,-13.7,42.9,0,0,0,,0,0,50.6,27,298.3,1019.9,29.5,16,127.4,11,6,,2025-01-15T07:17:55,2025-01-15T16:53:42,0.56,Partially cloudy,Becoming cloudy in the afternoon.,partly-cloudy-day,"72505394728,KEWR,KLGA,72502014734,F1417,KNYC,72503014732"
new york city,2025-01-16,-1.3,-4.7,-2.7,-3.5,-8.6,-6.9,-11.1,53,0,0,0,,0,0,35.3,18.1,246.9,1014.7,63.6,15.4,74,6.3,4,,2025-01-16T07:17:29,2025-01-16T16:54:50,0.59,Partially cloudy,Partly cloudy throughout the day.,partly-cloudy-day,"72505394728,KEWR,KLGA,72502014734,F1417,KNYC,72503014732"
new york city,2025-01-17,5.8,-3.1,1,3.9,-8.1,-2.1,-7.2,55.7,0,0,0,,0,0,37.1,16.8,267.1,1016.9,46.9,15.6,108.3,9.4,5,,2025-01-17T07:17:00,2025-01-17T16:55:59,0.62,Partially cloudy,Partly cloudy throughout the day.,partly-cloudy-day,"72505394728,KEWR,KLGA,72502014734,F1417,KNYC,72503014732"
new york city,2025-01-18,7.9,2,5.1,6.8,-1.5,2.9,0.1,71.3,2.25,100,12.5,rain,0,0,45.6,19.8,194.3,1013.2,68.2,12.5,26.8,2.2,2,,2025-01-18T07:16:29,2025-01-18T16:57:08,0.65,"Rain, Partially cloudy",Partly cloudy throughout the day with afternoon rain.,rain,"72505394728,KEWR,KLGA,72502014734,F1417,KNYC,72503014732"
new york city,2025-01-19,4.7,-2.5,2.1,3.2,-8.1,-1.2,-1.5,77.1,5.268,100,37.5,"rain,snow",0,0.5,52.1,23.7,346.4,1007.7,85.6,10.7,33,2.9,2,,2025-01-19T07:15:56,2025-01-19T16:58:19,0.69,"Snow, Rain, Partially cloudy",Partly cloudy throughout the day with rain or snow.,rain,"72505394728,KEWR,KLGA,72502014734,F1417,KNYC,72503014732"
new york city,2025-01-20,-3.1,-7.6,-5.6,-8.7,-14.6,-11.8,-14.7,50.3,0,0,0,snow,1.1,1.9,51.8,23.7,284.9,1022,28.6,15.1,125.7,10.7,6,,2025-01-20T07:15:21,2025-01-20T16:59:29,0.72,Partially cloudy,Partly cloudy throughout the day.,partly-cloudy-day,"72505394728,KEWR,KLGA,72502014734,F1417,KNYC,72503014732"
new york city,2025-01-21,-7,-11.5,-8.9,-11.5,-19.5,-15,-19.9,41,0,0,0,,0,0.8,37.1,19.3,273.1,1032.8,42.1,16,71.6,6.2,4,,2025-01-21T07:14:44,2025-01-21T17:00:41,0.75,Partially cloudy,Partly cloudy throughout the day.,partly-cloudy-day,"72505394728,KEWR,KLGA,72502014734,F1417,KNYC,72503014732"
new york city,2025-01-22,-6.8,-11.4,-8.7,-6.8,-18.6,-13.6,-20.4,38.9,0,0,0,,0,0.5,42.5,17.3,305,1032.3,24.6,16,121.9,10.6,5,,2025-01-22T07:14:04,2025-01-22T17:01:53,0.78,Partially cloudy,Partly cloudy throughout the day.,partly-cloudy-day,"72505394728,KEWR,KLGA,72502014734,F1417,KNYC,72503014732"
new york city,2025-01-23,-2.4,-8.2,-5.1,-6.7,-12.3,-9.1,-16.6,40.8,0,0,0,,0,0.5,37.1,22.3,252.2,1024.9,28.3,16,122.8,10.6,6,,2025-01-23T07:13:23,2025-01-23T17:03:05,0.81,Partially cloudy,Clearing in the afternoon.,partly-cloudy-day,"72505394728,KEWR,KLGA,72502014734,F1417,KNYC,72503014732"
new york city,2025-01-24,0.4,-5.4,-2.4,-1.9,-10.3,-6.2,-13.3,43.6,0,0,0,,0,0.5,38.9,20,288.4,1021.7,11.7,16,129.3,11.2,6,,2025-01-24T07:12:40,2025-01-24T17:04:18,0.85,Clear,Clear conditions throughout the day.,clear-day,"72505394728,KEWR,KLGA,72502014734,F1417,KNYC,72503014732"
new york city,2025-01-25,0,-6,-2.5,-3.5,-10.9,-6.3,-13.5,43,0,0,0,,0,0.5,36.1,19.4,251.1,1025.7,37.8,16,126,10.9,5,,2025-01-25T07:11:55,2025-01-25T17:05:31,0.88,Partially cloudy,Becoming cloudy in the afternoon.,partly-cloudy-day,"72505394728,KEWR,KLGA,72502014734,F1417,KNYC,72503014732"
new york city,2025-01-26,6.1,-0.7,2.4,3.1,-4.7,-0.9,-8.9,44.1,0,0,0,,0,0,45,28,264.6,1020.4,45.3,16,75,6.5,4,,2025-01-26T07:11:08,2025-01-26T17:06:44,0.91,Partially cloudy,Partly cloudy throughout the day.,partly-cloudy-day,"72505394728,KEWR,KLGA,72502014734,F1417,KNYC,72503014732"
new york city,2025-01-27,4.7,-0.3,2.4,2,-5.1,-1.4,-12.1,34.6,0,0,0,,0,0,52.2,25.6,238.7,1013.4,14.4,16,133.3,11.3,6,,2025-01-27T07:10:19,2025-01-27T17:07:58,0.94,Clear,Clear conditions throughout the day.,clear-day,"72505394728,KEWR,KLGA,72502014734,F1417,KNYC,72503014732"
new york city,2025-01-28,5.8,1,3.2,2,-2.4,-0.6,-10.3,36.7,0,0,0,,0,0,60.8,33.7,267.8,1002.8,49.5,16,113.2,9.6,5,,2025-01-28T07:09:28,2025-01-28T17:09:12,0.97,Partially cloudy,Clearing in the afternoon.,partly-cloudy-day,"72505394728,KEWR,KLGA,72502014734,F1417,KNYC,72503014732"
new york city,2025-01-29,11.1,1.3,5.9,11.1,-5.3,2.8,-6.8,40.1,0,0,0,,0,0,68.5,37.2,267.6,1000.2,56.1,16,112.7,9.8,7,,2025-01-29T07:08:35,2025-01-29T17:10:26,0,Partially cloudy,Partly cloudy throughout the day.,partly-cloudy-day,"72505394728,KEWR,KLGA,72502014734,F1417,KNYC,72503014732"
new york city,2025-01-30,2.7,-3.6,-0.1,2.4,-9.7,-4.5,-13.1,37.3,0,0,0,,0,0,61.8,33.8,293.6,1021.5,19.4,16,138.7,12,6,,2025-01-30T07:07:41,2025-01-30T17:11:40,0.04,Clear,Clear conditions throughout the day.,clear-day,"72505394728,KEWR,KLGA,72502014734,F1417,KNYC,72503014732"
new york city,2025-01-31,8.5,3.1,5.9,7.7,0.2,4.5,2.7,79.8,4.169,100,45.83,rain,0,0,26.3,14.8,224.3,1011.8,87.5,11.4,20.9,1.8,1,,2025-01-31T07:06:45,2025-01-31T17:12:54,0.08,"Rain, Partially cloudy",Partly cloudy throughout the day with a chance of rain throughout the day.,rain,"72505394728,KEWR,KLGA,72502014734,F1417,KNYC,72503014732"
new york city,2025-02-01,8.8,-4.9,2.1,6.6,-10.5,-2.2,-7.2,54.1,0,0,0,,0,0,47,28,330.9,1017.2,56.5,14.8,123.5,10.5,6,,2025-02-01T07:05:47,2025-02-01T17:14:09,0.11,Partially cloudy,Partly cloudy throughout the day.,partly-cloudy-day,"72505394728,KEWR,KLGA,72502014734,F1417,KNYC,72503014732"
new york city,2025-02-02,-0.6,-8.1,-4.4,-0.6,-15,-8.9,-11.1,60.2,2.157,100,20.83,"rain,snow",0,0,37.1,18,42.7,1031.7,55.8,14.4,83.7,7.3,4,,2025-02-02T07:04:47,2025-02-02T17:15:23,0.15,"Snow, Rain, Partially cloudy",Partly cloudy throughout the day with late afternoon rain or snow.,snow,"72505394728,KEWR,KLGA,72502014734,F1417,KNYC,72503014732"
new york city,2025-02-03,8.7,-0.6,4.3,8.6,-2.4,3,-0.8,70.4,0.468,100,4.17,"rain,snow",0.1,0.1,27.7,14.6,227.4,1017.6,45.8,15.1,100.5,8.6,5,,2025-02-03T07:03:46,2025-02-03T17:16:37,0.18,"Snow, Rain, Partially cloudy",Partly cloudy throughout the day with early morning snow or rain.,snow,"72505394728,KEWR,KLGA,72502014734,F1417,KNYC,72503014732"
new york city,2025-02-04,8.6,0.2,5.5,6.3,-5.4,1.7,-4.6,49.7,0,0,0,,0,0,65.9,40,309.4,1014.7,50,16,147.7,12.9,6,,2025-02-04T07:02:43,2025-02-04T17:17:52,0.22,Partially cloudy,Partly cloudy throughout the day.,partly-cloudy-day,"72505394728,KEWR,KLGA,72502014734,F1417,KNYC,72503014732"
new york city,2025-02-05,2.5,-2.5,-0.5,0.5,-9.4,-4.6,-13.4,37.9,0,0,0,,0,0,53.6,27,332.3,1028,49.4,16,131.4,11.5,6,,2025-02-05T07:01:39,2025-02-05T17:19:06,0.25,Partially cloudy,Clearing in the afternoon.,partly-cloudy-day,"72505394728,KEWR,KLGA,72502014734,F1417,KNYC,72503014732"
new york city,2025-02-06,3.6,-1.2,1.7,1.9,-5.1,-1.5,-1.9,78.2,7.425,100,41.67,"rain,snow",2.8,0.1,35.3,18.9,149.8,1016,99.4,9,16.9,1.4,1,,2025-02-06T07:00:33,2025-02-06T17:20:20,0.29,"Snow, Rain, Overcast",Cloudy skies throughout the day with a chance of rain or snow throughout the day.,snow,"72505394728,KEWR,KLGA,72502014734,F1417,KNYC,72503014732"
new york city,2025-02-07,5.9,-1,3.1,2.1,-4.3,-0.8,-7.7,49.3,0,0,0,,0,0,57.4,30.1,284.1,1014.4,41.6,14,154,13.3,6,,2025-02-07T06:59:25,2025-02-07T17:21:34,0.33,Partially cloudy,Partly cloudy throughout the day.,partly-cloudy-day,"72505394728,KEWR,KLGA,72502014734,F1417,KNYC,72503014732"
new york city,2025-02-08,1.7,-3.2,-0.9,1.1,-7.9,-3.5,-11.6,45.9,11.103,100,16.67,"rain,snow",0,0.7,41.4,14.4,324.8,1023.3,59.9,13.9,87.3,7.6,4,,2025-02-08T06:58:16,2025-02-08T17:22:48,0.36,"Snow, Rain, Partially cloudy",Becoming cloudy in the afternoon with late afternoon rain or snow.,rain,"72505394728,KEWR,KLGA,72502014734,F1417,KNYC,72503014732"
new york city,2025-02-09,1.9,-1,0.7,1.9,-4.8,-2.5,-3.9,72.4,4.986,100,25,"rain,snow",5.8,3.5,48.6,25.8,316.5,1016.6,94.9,12.3,54.4,4.6,3,,2025-02-09T06:57:06,2025-02-09T17:24:02,0.4,"Snow, Rain, Overcast",Cloudy skies throughout the day with early morning snow or rain.,snow,"72505394728,KEWR,KLGA,72502014734,F1417,KNYC,72503014732"
new york city,2025-02-10,3,-0.8,1,1.4,-4.3,-2.2,-10,44.3,0,0,0,,0,0.8,44.2,18.3,310.8,1027.6,45.6,16,149,12.9,7,,2025-02-10T06:55:54,2025-02-10T17:25:16,0.43,Partially cloudy,Partly cloudy throughout the day.,partly-cloudy-day,"72505394728,KEWR,KLGA,72502014734,F1417,KNYC,72503014732"
new york city,2025-02-11,1.9,-2.3,-0.2,1.7,-4.6,-1.5,-10.1,48.5,1.907,100,12.5,"rain,snow",0,0.7,19.8,11.5,268.2,1028.4,61.5,13.8,63.2,5.3,3,,2025-02-11T06:54:40,2025-02-11T17:26:29,0.47,"Snow, Rain, Partially cloudy",Partly cloudy throughout the day with late afternoon rain or snow.,rain,"72505394728,KEWR,KLGA,72502014734,F1417,KNYC,72503014732"
new york city,2025-02-12,2.3,-0.7,0.7,-1,-4.9,-3.4,-3.2,75.9,2.823,100,29.17,"rain,snow",0.6,4,37.1,20.8,53.3,1024.1,100,10.9,33.9,2.8,2,,2025-02-12T06:53:26,2025-02-12T17:27:43,0.5,"Snow, Rain, Overcast",Cloudy skies throughout the day with rain or snow.,snow,"72505394728,KEWR,KLGA,72502014734,F8726,F1417,KNYC,D8219,72503014732"
new york city,2025-02-13,8,1.3,4,4.2,-2,0.8,0,77.7,4.927,100,45.83,"rain,snow",1.3,0.8,54,28,310.1,1013.3,88,8.1,29.1,2.6,1,,2025-02-13T06:52:10,2025-02-13T17:28:56,0.54,"Snow, Rain, Partially cloudy",Partly cloudy throughout the day with a chance of rain or snow throughout the day.,snow,"72505394728,KEWR,KLGA,72502014734,F1417,KNYC,72503014732"
new york city,2025-02-14,2.2,-1,0.4,-2.2,-6.8,-4.5,-13.1,36.1,0,0,0,,0,0,55.4,33.5,298,1031.1,21,16,166.8,14.4,7,,2025-02-14T06:50:53,2025-02-14T17:30:08,0.57,Partially cloudy,Partly cloudy throughout the day.,partly-cloudy-day,"72505394728,KEWR,KLGA,72502014734,F1417,KNYC,72503014732"
new york city,2025-02-15,2,-2,-0.1,-1.4,-5.3,-3.2,-8.3,57.4,6.783,100,37.5,"rain,snow",0,0.1,31.7,18.1,96.9,1027.9,79.4,11.1,36.8,3.1,2,,2025-02-15T06:49:35,2025-02-15T17:31:21,0.6,"Snow, Rain, Partially cloudy",Partly cloudy throughout the day with rain or snow.,rain,"72505394728,KEWR,KLGA,72502014734,F1417,KNYC,72503014732"
new york city,2025-02-16,8,1,3.1,5,-4,-0.8,0.6,84,16.984,100,70.83,"rain,snow",1.1,0,75.9,47.6,9.6,997.2,98.8,6.8,18.8,1.5,1,,2025-02-16T06:48:15,2025-02-16T17:32:33,0.63,"Snow, Rain, Overcast",Cloudy skies throughout the day with a chance of rain or snow throughout the day.,snow,"72505394728,KEWR,KLGA,72502014734,F1417,KNYC,72503014732"
new york city,2025-02-17,3,-2.5,0.1,-2.7,-8.8,-6.3,-13.3,36.3,0,0,0,,0,0,70.7,43.8,278.5,1007.5,54.3,16,177.7,15.4,8,,2025-02-17T06:46:54,2025-02-17T17:33:45,0.67,Partially cloudy,Partly cloudy throughout the day.,partly-cloudy-day,"72505394728,KEWR,KLGA,72502014734,F1417,KNYC,72503014732"
new york city,2025-02-18,-2.4,-7,-4.7,-8.4,-15,-11.5,-19.1,31.9,0,0,0,,0,0,51.4,27.4,293.7,1020.6,17.2,16,168.2,14.7,6,,2025-02-18T06:45:33,2025-02-18T17:34:57,0.7,Clear,Clear conditions throughout the day.,clear-day,"72505394728,KEWR,KLGA,72502014734,F1417,KNYC,72503014732"
new york city,2025-02-19,-1,-8,-4.7,-5.5,-15.4,-10.7,-16,41.1,0,0,0,,0,0,47.9,23.8,294.4,1024.6,22.7,16,155.7,13.5,7,,2025-02-19T06:44:10,2025-02-19T17:36:08,0.73,Partially cloudy,Partly cloudy throughout the day.,partly-cloudy-day,"72505394728,KEWR,KLGA,72502014734,F1417,KNYC,72503014732"
new york city,2025-02-20,-1.9,-7.5,-4.8,-5,-13.4,-10.4,-12.7,54.8,0.185,100,4.17,snow,0,0,50.9,26.8,316.5,1015.3,61,13.4,130.8,11.3,6,,2025-02-20T06:42:46,2025-02-20T17:37:19,0.75,"Snow, Partially cloudy",Becoming cloudy in the afternoon with late afternoon snow.,snow,"72505394728,KEWR,KLGA,72502014734,F1417,KNYC,72503014732"
new york city,2025-02-21,2.2,-5.3,-2.3,-4,-13.4,-9.5,-12.4,47,0,0,0,,0,0,60.7,39.5,307.4,1021.7,30.3,16,192.5,16.6,7,,2025-02-21T06:41:21,2025-02-21T17:38:30,0.8,Partially cloudy,Partly cloudy throughout the day.,partly-cloudy-day,"72505394728,KEWR,KLGA,72502014734,F1417,KNYC,72503014732"
new york city,2025-02-22,4.9,-5.8,-0.5,1.5,-13.4,-4.9,-11.7,43.9,0,0,0,,0,0,49.1,28.5,259.2,1026.2,38.5,16,189.9,16.5,7,,2025-02-22T06:39:55,2025-02-22T17:39:41,0.83,Partially cloudy,Becoming cloudy in the afternoon.,partly-cloudy-day,"72505394728,KEWR,KLGA,72502014734,F1417,KNYC,72503014732"
new york city,2025-02-23,8.3,0.8,4.5,6.3,-2.9,1.7,-8.5,38.7,0,0,0,,0,0,37.4,18,273.3,1019.3,42.2,16,173.8,15.1,7,,2025-02-23T06:38:28,2025-02-23T17:40:51,0.86,Partially cloudy,Partly cloudy throughout the day.,partly-cloudy-day,"72505394728,KEWR,KLGA,72502014734,F1417,KNYC,72503014732"
new york city,2025-02-24,9.3,1.5,5.9,6.8,1.1,3.9,-5.2,45.7,0,0,0,,0,0,44.7,25.8,161.9,1017.4,61.1,16,194.7,17,8,,2025-02-24T06:37:00,2025-02-24T17:42:01,0.89,Partially cloudy,Partly cloudy throughout the day.,partly-cloudy-day,"72505394728,KEWR,KLGA,72502014734,F1417,KNYC,72503014732"
new york city,2025-02-25,12.9,5.9,9.5,12.9,3.8,8.6,-2.4,43.7,0,0,0,,0,0,37.7,19.2,246,1009.2,61.3,16,118.6,10.3,5,,2025-02-25T06:35:32,2025-02-25T17:43:10,0.92,Partially cloudy,Partly cloudy throughout the day.,partly-cloudy-day,"72505394728,KEWR,KLGA,72502014734,F1417,KNYC,72503014732"
new york city,2025-02-26,13.8,6.1,9.8,13.8,2.6,8.7,-1.6,46.7,0,0,0,,0,0,45.8,28.5,293.5,1012.2,34.7,16,192.8,16.7,7,,2025-02-26T06:34:02,2025-02-26T17:44:20,0.96,Partially cloudy,Partly cloudy throughout the day.,partly-cloudy-day,"72505394728,KEWR,KLGA,72502014734,F1417,KNYC,72503014732"
new york city,2025-02-27,12.2,6.4,9.5,12.2,4,8.6,2.5,62.4,0.064,100,4.17,rain,0,0,40.9,20.2,227.8,1007,90.4,16,44.7,4,3,,2025-02-27T06:32:32,2025-02-27T17:45:29,0,"Rain, Overcast",Cloudy skies throughout the day with afternoon rain.,rain,"72505394728,KEWR,KLGA,72502014734,F1417,KNYC,72503014732"
new york city,2025-02-28,10.6,5.7,7.9,10.6,2.2,5.3,-5,41.4,0,0,0,,0,0,57.6,29.6,268.9,1005.7,40.1,16,195,16.9,7,,2025-02-28T06:31:01,2025-02-28T17:46:37,0.02,Partially cloudy,Partly cloudy throughout the day.,partly-cloudy-day,"72505394728,KEWR,KLGA,72502014734,F1417,KNYC,72503014732"
new york city,2025-03-01,18,-1.3,7.9,18,-7.7,5.4,-4.9,41.3,0,0,0,,0,0,67.2,37,277.1,1002.1,56,16,158.3,13.6,7,,2025-03-01T06:29:29,2025-03-01T17:47:46,0.06,Partially cloudy,Partly cloudy throughout the day.,partly-cloudy-day,"72505394728,KEWR,KLGA,72502014734,F1417,KNYC,72503014732"
new york city,2025-03-02,1.1,-6.5,-2.9,-3.6,-13.7,-9.1,-17.3,32.9,0,0,0,,0,0,54.6,29.1,313.3,1018.3,19,16,209,18.1,8,,2025-03-02T06:27:57,2025-03-02T17:48:54,0.09,Clear,Clear conditions throughout the day.,clear-day,"72505394728,KEWR,KLGA,72502014734,F1417,KNYC,72503014732"
new york city,2025-03-03,3.7,-4.9,-0.8,0.8,-10.3,-4.5,-14.2,36.5,0,0,0,,0,0,38.9,17.3,279.6,1024,14.6,16,210.8,18.2,8,,2025-03-03T06:26:24,2025-03-03T17:50:02,0.13,Clear,Clear conditions throughout the day.,clear-day,"72505394728,KEWR,KLGA,72502014734,F1417,KNYC,72503014732"
new york city,2025-03-04,11.2,0.6,6.1,11.2,-2.7,4.3,-3.8,49.4,0,0,0,,0,0,36.7,17.6,183.8,1021.3,57.7,16,133.9,11.6,7,,2025-03-04T06:24:50,2025-03-04T17:51:09,0.16,Partially cloudy,Partly cloudy throughout the day.,partly-cloudy-day,"72505394728,KEWR,KLGA,72502014734,F1417,KNYC,72503014732"
new york city,2025-03-05,12.7,5.5,10.3,12.7,4,9.8,6,75.2,36.834,100,33.33,rain,0,0,56.5,26.1,158.3,1006.5,85.5,13.1,53.3,4.7,3,,2025-03-05T06:23:16,2025-03-05T17:52:16,0.2,"Rain, Partially cloudy",Partly cloudy throughout the day with rain.,rain,"72505394728,KEWR,KLGA,72502014734,F1417,KNYC,72503014732"
new york city,2025-03-06,12.1,2.3,9.2,12.1,-3.3,7.7,2.2,63.5,3.64,100,4.17,rain,0,0,75.2,33.5,277.9,992.5,95.9,14.4,106,9.1,5,,2025-03-06T06:21:41,2025-03-06T17:53:23,0.25,"Rain, Overcast",Cloudy skies throughout the day with early morning rain.,rain,"72505394728,KEWR,KLGA,72502014734,F1417,KNYC,72503014732"
new york city,2025-03-07,9.8,1.7,5.7,6.7,-4,1.3,-11.3,29.9,0,0,0,,0,0,67.8,34.2,284.8,1003.1,38.9,16,220.3,19.1,8,,2025-03-07T06:20:05,2025-03-07T17:54:30,0.27,Partially cloudy,Partly cloudy throughout the day.,partly-cloudy-day,"72505394728,KEWR,KLGA,72502014734,F1417,KNYC,72503014732"
new york city,2025-03-08,7,3,5.4,4.4,-1.2,1.9,-10.7,31,0,0,0,,0,0,63,30.9,292.2,1005.2,42.2,16,202.7,17.5,8,,2025-03-08T06:18:29,2025-03-08T17:55:36,0.3,Partially cloudy,Clearing in the afternoon.,partly-cloudy-day,"72505394728,KEWR,KLGA,72502014734,F1417,KNYC,72503014732"
new york city,2025-03-09,12,0.1,6,12,-3.4,3.8,-10.1,31.1,0,0,0,,0,0,53.6,25.8,266.9,1011.9,20.9,16,194.4,16,8,,2025-03-09T07:16:53,2025-03-09T18:56:42,0.34,Partially cloudy,Partly cloudy throughout the day.,partly-cloudy-day,"72505394728,KEWR,KLGA,72502014734,F1417,KNYC,72503014732"
new york city,2025-03-10,18.7,7.7,12,18.7,5.3,11.2,-3.9,33.5,0,0,0,,0,0,50.2,18,223.3,1010.4,10.2,16,223.7,19.3,8,,2025-03-10T07:15:16,2025-03-10T18:57:48,0.37,Clear,Clear conditions throughout the day.,clear-day,"72505394728,KEWR,KLGA,72502014734,F1417,KNYC,72503014732"
new york city,2025-03-11,17.3,7.3,12.5,17.3,7.1,12.4,-1.3,40,0,0,0,,0,0,36.9,21,167.3,1007.9,12.9,16,223.7,19.3,8,,2025-03-11T07:13:39,2025-03-11T18:58:54,0.41,Clear,Clear conditions throughout the day.,clear-day,"72505394728,KEWR,KLGA,72502014734,F1417,KNYC,72503014732"
new york city,2025-03-12,12.3,6.3,9.5,12.3,2.7,8.2,-6,34.7,0,0,0,,0,0,44.6,25.9,26.8,1013.8,39.9,16,138.7,12.2,5,,2025-03-12T07:12:02,2025-03-12T18:59:59,0.44,Partially cloudy,Partly cloudy throughout the day.,partly-cloudy-day,"72505394728,KEWR,KLGA,72502014734,F1417,KNYC,72503014732"
new york city,2025-03-13,9.1,4,6.3,6.5,0.6,3.6,-1.3,58.9,0,0,0,,0,0,57.2,24.3,70.2,1018.6,36.5,16,213.7,18.4,7,,2025-03-13T07:10:24,2025-03-13T19:01:05,0.48,Partially cloudy,Clearing in the afternoon.,partly-cloudy-day,"72505394728,KEWR,KLGA,72502014734,F1417,KNYC,72503014732"
new york city,2025-03-14,12.5,5,7.7,12.5,1.4,6.1,0.6,61.6,0,0,0,,0,0,33.5,17.2,85.8,1020.5,68.6,15.5,197.5,17,7,,2025-03-14T07:08:46,2025-03-14T19:02:10,0.5,Partially cloudy,Clearing in the afternoon.,partly-cloudy-day,"72505394728,KEWR,KLGA,72502014734,F1417,KNYC,72503014732"
new york city,2025-03-15,8.9,5.4,7.1,8.5,3,5.5,4.4,83.2,0,0,0,,0,0,31.7,15.1,139.6,1019.8,100,11.1,56.8,4.9,3,,2025-03-15T07:07:07,2025-03-15T19:03:14,0.55,Overcast,Cloudy skies throughout the day.,cloudy,"72505394728,KEWR,KLGA,72502014734,F1417,KNYC,72503014732"
new york city,2025-03-16,16.4,8,12.3,16.4,7.1,12.1,9.7,84.7,0.252,100,8.33,rain,0,0,63.7,23.4,150.6,1014.1,85.4,8,84.5,7.2,3,,2025-03-16T07:05:28,2025-03-16T19:04:19,0.58,"Rain, Partially cloudy",Partly cloudy throughout the day with rain.,rain,"72505394728,KEWR,KLGA,72502014734,F1417,KNYC,72503014732"
new york city,2025-03-17,14.8,4.6,11.5,14.8,1.1,10.8,7.3,76.4,20.231,100,33.33,rain,0,0,51.8,30.1,325.2,1010,91.8,11,36.1,3.1,2,,2025-03-17T07:03:50,2025-03-17T19:05:23,0.61,"Rain, Overcast",Cloudy skies throughout the day with a chance of rain throughout the day.,rain,"72505394728,KEWR,KLGA,72502014734,F1417,KNYC,72503014732"
new york city,2025-03-18,16.3,1.9,8.3,16.3,-2.5,6.1,-6.7,38.4,0,0,0,,0,0,56.9,30.2,353.4,1017,14.3,16,247.8,21.4,8,,2025-03-18T07:02:11,2025-03-18T19:06:28,0.64,Clear,Clear conditions throughout the day.,clear-day,"72505394728,KEWR,KLGA,72502014734,F1417,KNYC,72503014732"
new york city,2025-03-19,16.4,6.7,10.8,16.4,6,10.5,-3.2,40.9,0,0,0,,0,0,33.5,14.9,121.6,1017.6,17.9,16,229.5,19.8,8,,2025-03-19T07:00:31,2025-03-19T19:07:32,0.68,Clear,Clear conditions throughout the day.,clear-day,"72505394728,KEWR,KLGA,72502014734,F1417,KNYC,72503014732"
new york city,2025-03-20,10.1,5.7,8.1,10.1,3.8,6.4,5.7,84.8,16.93,100,16.67,rain,0,0,35.3,16.6,125.3,1008.3,96.4,9.1,109.8,9.3,5,,2025-03-20T06:58:52,2025-03-20T19:08:36,0.71,"Rain, Overcast",Cloudy skies throughout the day with rain.,rain,"72505394728,KEWR,KLGA,72502014734,F1417,KNYC,72503014732"
new york city,2025-03-21,10.3,3.7,7.7,10.3,-1.7,4.7,-5.3,45.2,11.306,100,12.5,rain,0,0,70,43.6,304.8,1004.2,43.6,15.1,256.1,22.2,9,,2025-03-21T06:57:13,2025-03-21T19:09:40,0.74,"Rain, Partially cloudy",Clearing in the afternoon with early morning rain.,rain,"72505394728,KEWR,KLGA,72502014734,F1417,KNYC,72503014732"
new york city,2025-03-22,17.2,6.7,10.8,17.2,4,9.9,-5.1,33.3,0,0,0,,0,0,63.8,39.3,257.5,1007.6,43.5,16,199.9,17.2,8,,2025-03-22T06:55:33,2025-03-22T19:10:43,0.75,Partially cloudy,Becoming cloudy in the afternoon.,partly-cloudy-day,"72505394728,KEWR,KLGA,72502014734,F1417,KNYC,72503014732"
new york city,2025-03-23,9,-0.4,4.3,8.4,-5.3,0.9,-9.6,37.3,0,0,0,,0,0,53.8,27.5,297.9,1018.7,21.2,16,247.2,21.3,8,,2025-03-23T06:53:54,2025-03-23T19:11:47,0.81,Partially cloudy,Partly cloudy throughout the day.,partly-cloudy-day,"72505394728,KEWR,KLGA,72502014734,F1417,KNYC,72503014732"
new york city,2025-03-24,9.8,3.9,7,9.1,0.2,5.1,3.8,80.6,11.669,100,54.17,rain,0,0,40.6,19.9,165.1,1011.7,92.5,11.6,27.6,2.3,1,,2025-03-24T06:52:14,2025-03-24T19:12:50,0.84,"Rain, Overcast",Cloudy skies throughout the day with a chance of rain throughout the day.,rain,"72505394728,KEWR,KLGA,72502014734,F1417,KNYC,72503014732"
new york city,2025-03-25,14.3,8.6,11.3,14.3,6.4,10.6,-3.3,39.9,0,0,0,,0,0,55.9,31.7,260.2,1011.1,39.4,15.3,246.8,21.2,9,,2025-03-25T06:50:35,2025-03-25T19:13:54,0.88,Partially cloudy,Partly cloudy throughout the day.,partly-cloudy-day,"72505394728,KEWR,KLGA,72502014734,F1417,KNYC,72503014732"
new york city,2025-03-26,12.5,4.3,7.6,12.5,0.8,5.1,-5.2,40.6,0,0,0,,0,0,55.4,28.8,308.7,1016.3,77.4,16,168.9,14.6,9,,2025-03-26T06:48:55,2025-03-26T19:14:57,0.91,Partially cloudy,Partly cloudy throughout the day.,partly-cloudy-day,"72505394728,KEWR,KLGA,72502014734,F1417,KNYC,72503014732"
new york city,2025-03-27,11.2,1.4,6.1,11.2,-3.2,3.3,-10.1,34.1,0,0,0,,0,0,53.6,28.5,290.5,1022.5,14.9,16,263.6,23,9,,2025-03-27T06:47:16,2025-03-27T19:16:00,0.94,Clear,Clear conditions throughout the day.,clear-day,"72505394728,KEWR,KLGA,72502014734,F1417,KNYC,72503014732"
new york city,2025-03-28,17,8,11.9,17,5.8,11.1,-3,36.5,0.482,100,8.33,rain,0,0,47.1,16,230.4,1020.7,73.3,16,147.2,12.7,8,,2025-03-28T06:45:37,2025-03-28T19:17:03,0.97,"Rain, Partially cloudy",Partly cloudy throughout the day with late afternoon rain.,rain,"72505394728,KEWR,KLGA,72502014734,F1417,KNYC,72503014732"
new york city,2025-03-29,27.5,8.3,16.4,26.7,5.5,16,5.9,52.7,0.348,100,16.67,rain,0,0,58.8,28,271.7,1015.4,71.8,16,146,12.7,8,,2025-03-29T06:43:58,2025-03-29T19:18:06,0,"Rain, Partially cloudy",Partly cloudy throughout the day with rain.,rain,"72505394728,KEWR,KLGA,72502014734,F1417,KNYC,72503014732"
new york city,2025-03-30,8.8,5.8,7.2,6.4,3.1,4.9,3.9,79.4,0.676,100,8.33,rain,0,0,39.6,16.4,64.2,1019.9,96.8,13.3,60.1,5,2,,2025-03-30T06:42:19,2025-03-30T19:19:09,0.04,"Rain, Overcast",Cloudy skies throughout the day with late afternoon rain.,rain,"72505394728,KEWR,KLGA,72502014734,F1417,KNYC,72503014732"
new york city,2025-03-31,22.1,7.2,13.9,22.1,4.8,13.5,10.3,80.2,21.6,100,25,rain,0,0,53.6,16,104.2,1006.4,92.9,8.7,131.5,11.3,8,,2025-03-31T06:40:41,2025-03-31T19:20:12,0.08,"Rain, Overcast",Cloudy skies throughout the day with rain.,rain,"72505394728,KEWR,KLGA,72502014734,F1417,KNYC,72503014732"
new york city,2025-04-01,15.2,5.4,9.6,15.2,1.3,8.1,-1.2,50.5,7.104,100,20.83,rain,0,0,55.2,32.9,317.7,1012.4,43.9,15.2,271.3,23.6,9,,2025-04-01T06:39:02,2025-04-01T19:21:15,0.11,"Rain, Partially cloudy",Clearing in the afternoon with early morning rain.,rain,"72505394728,KEWR,KLGA,72502014734,F1417,KNYC,72503014732"
new york city,2025-04-02,8,2.9,5.7,5.5,-0.9,2.6,-5.7,45.4,0,0,0,,0,0,42.5,27.7,82.2,1030,44.7,16,207.3,17.9,9,,2025-04-02T06:37:24,2025-04-02T19:22:18,0.14,Partially cloudy,Partly cloudy throughout the day.,partly-cloudy-day,"72505394728,KEWR,KLGA,72502014734,F8726,F1417,KNYC,72503014732"
new york city,2025-04-03,22.9,7.2,14.4,22.9,4.8,13.7,10.6,78.8,1.58,100,20.83,rain,0,0,50,15.7,189.7,1018.7,77.6,11.8,59,5,3,,2025-04-03T06:35:46,2025-04-03T19:23:21,0.18,"Rain, Partially cloudy",Partly cloudy throughout the day with rain clearing later.,rain,"72505394728,KEWR,KLGA,72502014734,F1417,KNYC,72503014732"
new york city,2025-04-04,22.9,14.6,18.9,22.9,14.6,18.9,6.5,47.7,2.272,100,8.33,rain,0,0,50,23.1,300.3,1019.9,61,15.7,142.3,12.2,8,,2025-04-04T06:34:09,2025-04-04T19:24:24,0.25,"Rain, Partially cloudy",Partly cloudy throughout the day with morning rain.,rain,"72505394728,KEWR,KLGA,72502014734,F8726,F1417,KNYC,72503014732"
new york city,2025-04-05,15.6,6.4,10.5,15.6,3,9.1,2.3,60.7,1.331,100,20.83,rain,0,0,49.8,23.1,87.2,1023.2,95.8,13.8,29.5,2.6,2,,2025-04-05T06:32:32,2025-04-05T19:25:27,0.25,"Rain, Overcast",Cloudy skies throughout the day with rain.,rain,"72505394728,KEWR,KLGA,72502014734,F1417,KNYC,72503014732"
new york city,2025-04-06,13.4,6.4,9.6,13.4,3.4,8.9,4,71.9,18.517,100,25,rain,0,0,41,15.2,350.9,1010.6,98.7,12.8,68.9,5.9,3,,2025-04-06T06:30:55,2025-04-06T19:26:29,0.28,"Rain, Overcast",Cloudy skies throughout the day with rain clearing later.,rain,"72505394728,KEWR,KLGA,72502014734,F1417,KNYC,72503014732"
new york city,2025-04-07,10.3,4.3,6.2,10.3,0.7,3.8,1.9,75.9,3.371,100,41.67,rain,0,0,36.7,22.3,39.2,1008.6,100,13.1,20.1,1.7,1,,2025-04-07T06:29:19,2025-04-07T19:27:32,0.32,"Rain, Overcast",Cloudy skies throughout the day with a chance of rain throughout the day.,rain,"72505394728,KEWR,KLGA,72502014734,F1417,KNYC,72503014732"
new york city,2025-04-08,7.4,3,5.5,5.8,-2.3,2,-5.4,50.1,0,0,0,,0,0,65.2,44,297.3,1006.7,58.6,15.3,273.1,23.6,10,,2025-04-08T06:27:43,2025-04-08T19:28:35,0.35,Partially cloudy,Partly cloudy throughout the day.,partly-cloudy-day,"72505394728,KEWR,KLGA,72502014734,F1417,KNYC,72503014732"
new york city,2025-04-09,9.1,0.2,4.1,8.6,-5.1,0.8,-10.8,34.3,0,0,0,,0,0,52.8,23.8,282.1,1022.8,13.7,16,288.1,25,9,,2025-04-09T06:26:08,2025-04-09T19:29:38,0.38,Clear,Clear conditions throughout the day.,clear-day,"72505394728,KEWR,KLGA,72502014734,F1417,KNYC,72503014732"
new york city,2025-04-10,9.5,5,6.8,7.3,2.6,4.9,-1.8,54.6,0.3,100,4.17,rain,0,0,43.9,27.3,133.5,1026.4,74.5,16,182.9,15.8,10,,2025-04-10T06:24:33,2025-04-10T19:30:41,0.42,"Rain, Partially cloudy",Partly cloudy throughout the day with late afternoon rain.,rain,"72505394728,KEWR,KLGA,72502014734,F1417,KNYC,72503014732"
new york city,2025-04-11,7.9,5.8,6.5,4.9,2.1,3.6,2.1,74,5.512,100,50,rain,0,0,40.7,21.1,60.9,1020.8,100,14.4,56.8,4.9,3,,2025-04-11T06:22:59,2025-04-11T19:31:44,0.45,"Rain, Overcast",Cloudy skies throughout the day with rain.,rain,"72505394728,KEWR,KLGA,72502014734,F1417,KNYC,72503014732"
new york city,2025-04-12,5.8,2.5,3.9,2.3,-2.2,-0.1,1.8,85.9,20.398,100,83.33,rain,0.5,0,48.2,27.7,25.3,1014.2,100,8.2,41.5,3.5,1,,2025-04-12T06:21:25,2025-04-12T19:32:46,0.5,"Rain, Overcast",Cloudy skies throughout the day with a chance of rain or snow throughout the day.,snow,"72505394728,KEWR,KLGA,72502014734,F1417,KNYC,72503014732"
new york city,2025-04-13,13.9,3.9,9.3,13.9,0.2,7.9,1.6,60.5,0,0,0,,0,0,43.2,25.2,342.8,1012.1,82.1,15.7,145.1,12.4,5,,2025-04-13T06:19:52,2025-04-13T19:33:49,0.52,Partially cloudy,Partly cloudy throughout the day.,partly-cloudy-day,"72505394728,KEWR,KLGA,72502014734,F1417,KNYC,72503014732"
new york city,2025-04-14,18.4,9.2,12.9,18.4,7.7,12.7,0.5,43.6,0,0,0,,0,0,24.5,20.2,268.2,1010.2,41.3,16,162.7,14,7,,2025-04-14T06:18:20,2025-04-14T19:34:52,0.56,Partially cloudy,Becoming cloudy in the afternoon.,partly-cloudy-day,"72505394728,KEWR,KLGA,72502014734,F1417,KNYC,72503014732"
new york city,2025-04-15,20.9,10.1,14.2,20.9,10.1,14.2,4.7,56.6,1.471,100,8.33,rain,0,0,63.7,33,278.4,999.5,74.5,15.4,166.6,14.6,7,,2025-04-15T06:16:48,2025-04-15T19:35:55,0.59,"Rain, Partially cloudy",Partly cloudy throughout the day with early morning rain.,rain,"72505394728,KEWR,KLGA,72502014734,F1417,KNYC,72503014732"
new york city,2025-04-16,10.3,7.5,8.9,10.3,3.8,6,-3.6,41.4,0,0,0,,0,0,62.9,37.4,288.2,1007.3,95.9,16,114,9.7,5,,2025-04-16T06:15:17,2025-04-16T19:36:58,0.62,Overcast,Cloudy skies throughout the day.,cloudy,"72505394728,KEWR,KLGA,72502014734,F1417,KNYC,72503014732"
new york city,2025-04-17,17.4,6.3,11.3,17.4,2.9,9.9,-5.3,34.1,0,0,0,,0,0,51.7,24,296.4,1018.9,26.6,16,298.6,25.7,9,,2025-04-17T06:13:47,2025-04-17T19:38:01,0.66,Partially cloudy,Partly cloudy throughout the day.,partly-cloudy-day,"72505394728,KEWR,KLGA,72502014734,F1417,KNYC,72503014732"
new york city,2025-04-18,19.7,8.5,14,19.7,7.5,14,-0.8,37.8,0,0,0,,0,0,60.8,20.2,169,1022,25.4,16,260,22.4,9,,2025-04-18T06:12:17,2025-04-18T19:39:04,0.69,Partially cloudy,Partly cloudy throughout the day.,partly-cloudy-day,"72505394728,KEWR,KLGA,72502014734,F1417,KNYC,72503014732"
new york city,2025-04-19,29.2,12.7,21.5,28.2,12.7,21.3,10.2,50.6,0,0,0,,0,0,57.2,31.6,228.2,1014.7,39.5,16,196,16.9,9,,2025-04-19T06:10:49,2025-04-19T19:40:07,0.72,Partially cloudy,Clearing in the afternoon.,partly-cloudy-day,"72505394728,KEWR,KLGA,72502014734,F1417,KNYC,72503014732"
new york city,2025-04-20,23.7,13.3,18.1,23.7,13.3,18.1,0.8,34.3,0,0,0,,0,0,60.4,33.5,326.2,1022.1,37.9,16,274.1,23.7,9,,2025-04-20T06:09:21,2025-04-20T19:41:10,0.75,Partially cloudy,Partly cloudy throughout the day.,partly-cloudy-day,"72505394728,KEWR,KLGA,72502014734,F1417,KNYC,72503014732"
new york city,2025-04-21,13.8,10,11.9,13.8,9.2,11.9,-1,42.2,0,0,0,,0,0,35.3,22.3,117.2,1024.4,78.2,16,125.6,10.8,6,,2025-04-21T06:07:54,2025-04-21T19:42:13,0.79,Partially cloudy,Partly cloudy throughout the day.,partly-cloudy-day,"72505394728,KEWR,KLGA,72502014734,F1417,KNYC,72503014732"
new york city,2025-04-22,27,11.7,18.9,26.3,11.7,18.8,7.4,54.2,0.067,100,4.17,rain,0,0,54.8,31.7,246.8,1014.5,58.5,15.3,251,21.8,9,,2025-04-22T06:06:28,2025-04-22T19:43:16,0.83,"Rain, Partially cloudy",Clearing in the afternoon with early morning rain.,rain,"72505394728,KEWR,KLGA,72502014734,F1417,KNYC,72503014732"
new york city,2025-04-23,23.8,12.9,17.7,23.8,12.9,17.7,1.6,35.3,0,0,0,,0,0,33.5,22,16.4,1021.6,30.9,16,313.8,26.9,9,,2025-04-23T06:05:02,2025-04-23T19:44:18,0.86,Partially cloudy,Partly cloudy throughout the day.,partly-cloudy-day,"72505394728,KEWR,KLGA,72502014734,F1417,KNYC,72503014732"
new york city,2025-04-24,23.3,13.2,19,23.3,13.2,19,4.1,38.7,0,0,0,,0,0,49.1,23,149.5,1024.1,18.2,15.6,289.6,25.1,9,,2025-04-24T06:03:38,2025-04-24T19:45:21,0.89,Clear,Clear conditions throughout the day.,clear-day,"72505394728,KEWR,KLGA,72502014734,F1417,KNYC,72503014732"
new york city,2025-04-25,24.3,15.9,19.7,24.3,15.9,19.7,7.5,46.3,0,0,0,,0,0,46.4,23.4,186.3,1021.7,33.8,16,242.5,21.1,9,,2025-04-25T06:02:15,2025-04-25T19:46:24,0.93,Partially cloudy,Partly cloudy throughout the day.,partly-cloudy-day,"72505394728,KEWR,KLGA,72502014734,F1417,KNYC,72503014732"
new york city,2025-04-26,22.3,14.7,18.4,22.3,14.7,18.4,14.3,78,18.399,100,33.33,rain,0,0,90.7,31.8,225.6,1010.1,90.9,13.6,81.2,7,3,,2025-04-26T06:00:53,2025-04-26T19:47:27,0.96,"Rain, Overcast",Cloudy skies throughout the day with a chance of rain throughout the day.,rain,"72505394728,KEWR,KLGA,72502014734,F1417,KNYC,72503014732"
new york city,2025-04-27,14.9,9.2,12.5,14.9,6.1,12.2,0.4,43.7,0,0,0,,0,0,73.3,43.7,302.6,1014.5,59.7,16,254.8,22.1,10,,2025-04-27T05:59:31,2025-04-27T19:48:30,0,Partially cloudy,Partly cloudy throughout the day.,partly-cloudy-day,"72505394728,KEWR,KLGA,72502014734,F1417,KNYC,72503014732"
new york city,2025-04-28,24,11.1,17.5,24,11.1,17.5,-1.7,28.3,0,0,0,,0,0,46.4,21,281.2,1024.2,8.7,16,316.8,27.2,10,,2025-04-28T05:58:11,2025-04-28T19:49:32,0.03,Clear,Clear conditions throughout the day.,clear-day,"72505394728,KEWR,KLGA,72502014734,F1417,KNYC,72503014732"
new york city,2025-04-29,24.9,13.4,19.6,24.9,13.4,19.6,4.6,38.1,0,0,0,,0,0,59.2,25.9,207.1,1018.9,25.6,16,288.4,24.8,10,,2025-04-29T05:56:52,2025-04-29T19:50:35,0.06,Partially cloudy,Partly cloudy throughout the day.,partly-cloudy-day,"72505394728,KEWR,KLGA,72502014734,F1417,KNYC,72503014732"
new york city,2025-04-30,23.1,17.6,20.9,23.1,17.6,20.9,3.6,35.9,0,0,0,,0,0,57.2,28.5,298.8,1014.5,35.2,16,310.8,26.7,10,,2025-04-30T05:55:34,2025-04-30T19:51:37,0.1,Partially cloudy,Clearing in the afternoon.,partly-cloudy-day,"72505394728,KEWR,KLGA,72502014734,F1417,KNYC,72503014732"
new york city,2025-05-01,20.6,11.2,16,20.6,11.2,16,0.5,36,0,0,0,,0,0,38.9,18.9,88.5,1019.6,46,16,301.3,26,10,,2025-05-01T05:54:18,2025-05-01T19:52:39,0.13,Partially cloudy,Becoming cloudy in the afternoon.,partly-cloudy-day,"72505394728,KEWR,KLGA,72502014734,F1417,KNYC,72503014732"
new york city,2025-05-02,28.6,13.7,20.5,28,13.7,20.5,12.6,63.4,0,0,0,,0,0,56.2,19.3,209.1,1011.5,60.2,13.8,203.1,17.5,9,,2025-05-02T05:53:02,2025-05-02T19:53:41,0.16,Partially cloudy,Partly cloudy throughout the day.,partly-cloudy-day,"72505394728,KEWR,KLGA,72502014734,F1417,KNYC,72503014732"
new york city,2025-05-03,29.4,17.9,23.2,28.6,17.9,23.1,13.8,57.1,0.344,100,4.17,rain,0,0,58.3,29.4,199.3,1010.9,42.1,14.7,284,24.6,9,,2025-05-03T05:51:48,2025-05-03T19:54:43,0.2,"Rain, Partially cloudy",Partly cloudy throughout the day with late afternoon rain.,rain,"72505394728,KEWR,KLGA,72502014734,F1417,KNYC,72503014732"
new york city,2025-05-04,20.9,16,18.1,20.9,16,18.1,15.1,83,4.043,100,45.83,rain,0,0,42.5,16.9,131,1013,83.4,11.3,125.4,10.9,9,,2025-05-04T05:50:35,2025-05-04T19:55:45,0.25,"Rain, Partially cloudy",Partly cloudy throughout the day with rain.,rain,"72505394728,KEWR,KLGA,72502014734,F1417,KNYC,72503014732"
new york city,2025-05-05,16.4,14.9,15.5,16.4,14.9,15.5,14,90.6,17.441,100,50,rain,0,0,35.3,17.4,68.8,1018.2,100,4.1,55.4,4.6,2,,2025-05-05T05:49:23,2025-05-05T19:56:47,0.26,"Rain, Overcast",Cloudy skies throughout the day with rain.,rain,"72505394728,KEWR,KLGA,72502014734,F1417,KNYC,72503014732"
new york city,2025-05-06,17.9,14,15.9,17.9,14,15.9,14.1,89.1,7.913,100,41.67,rain,0,0,44.3,22.3,122.1,1017,95.9,6.2,60,5.2,3,,2025-05-06T05:48:13,2025-05-06T19:57:48,0.3,"Rain, Overcast",Cloudy skies throughout the day with a chance of rain throughout the day.,rain,"72505394728,KEWR,KLGA,72502014734,F1417,KNYC,72503014732"
new york city,2025-05-07,23.5,13.5,18.5,23.5,13.5,18.5,9.5,57.8,0.37,100,8.33,rain,0,0,55.4,14.5,232.6,1014.7,57,15.9,241,20.8,10,,2025-05-07T05:47:04,2025-05-07T19:58:49,0.33,"Rain, Partially cloudy",Partly cloudy throughout the day with rain clearing later.,rain,"72505394728,KEWR,KLGA,72502014734,F1417,KNYC,72503014732"
new york city,2025-05-08,24.7,15.8,19.7,24.7,15.8,19.7,11.1,59.1,0,0,0,,0,0,35.3,23.7,67,1015.5,67.4,15.8,209.4,18.1,8,,2025-05-08T05:45:56,2025-05-08T19:59:50,0.36,Partially cloudy,Partly cloudy throughout the day.,partly-cloudy-day,"72505394728,KEWR,KLGA,72502014734,F1417,KNYC,72503014732"
new york city,2025-05-09,16,12.2,14,16,12.2,14,11.7,86,12.381,100,45.83,rain,0,0,44.6,22.1,25.2,1012.6,99.3,10.7,39.2,3.4,2,,2025-05-09T05:44:50,2025-05-09T20:00:50,0.4,"Rain, Overcast",Cloudy skies throughout the day with a chance of rain throughout the day.,rain,"72505394728,KEWR,KLGA,72502014734,F1417,KNYC,72503014732"
new york city,2025-05-10,22.7,10.4,16.4,22.7,10.4,16.4,3.9,48.4,0,0,0,,0,0,64.8,25.9,298.6,1013.7,52.3,16,324,28,10,,2025-05-10T05:43:45,2025-05-10T20:01:51,0.43,Partially cloudy,Clearing in the afternoon.,partly-cloudy-day,"72505394728,KEWR,KLGA,72502014734,F1417,KNYC,72503014732"
new york city,2025-05-11,25.2,14.9,20.3,25.2,14.9,20.3,2.8,32.3,0,0,0,,0,0,50,19.7,328.6,1022,18.9,16,308.7,26.8,10,,2025-05-11T05:42:42,2025-05-11T20:02:50,0.47,Clear,Clear conditions throughout the day.,clear-day,"72505394728,KEWR,KLGA,72502014734,F1417,KNYC,72503014732"
new york city,2025-05-12,22.3,13.4,18.2,22.3,13.4,18.2,3.7,40.5,0,0,0,,0,0,31.7,12.5,110.3,1025.1,26.9,16,288.2,24.8,10,,2025-05-12T05:41:40,2025-05-12T20:03:50,0.5,Partially cloudy,Partly cloudy throughout the day.,partly-cloudy-day,"72505394728,KEWR,KLGA,72502014734,F1417,KNYC,72503014732"
new york city,2025-05-13,20.1,15,18.1,20.1,15,18.1,13.7,76.2,1.329,100,12.5,rain,0,0,27.7,17.4,77.7,1021.6,78.4,14.5,86.1,7.6,3,,2025-05-13T05:40:40,2025-05-13T20:04:49,0.53,"Rain, Partially cloudy",Partly cloudy throughout the day with rain.,rain,"72505394728,KEWR,KLGA,72502014734,F1417,KNYC,72503014732"
new york city,2025-05-14,16.9,14.1,15.4,16.9,14.1,15.4,13.8,90.1,26.096,100,87.5,rain,0,0,46.4,18.2,63.1,1018,100,6.3,64.8,5.5,7,,2025-05-14T05:39:42,2025-05-14T20:05:47,0.57,"Rain, Overcast",Cloudy skies throughout the day with a chance of rain throughout the day.,rain,"72505394728,KEWR,KLGA,72502014734,F8726,F1417,KNYC,72503014732"
new york city,2025-05-15,20.2,15.3,17.6,20.2,15.3,17.6,15.3,87,0.067,100,4.17,rain,0,0,35.3,12.5,51.8,1012.1,97.1,6.7,150.6,13.1,9,,2025-05-15T05:38:45,2025-05-15T20:06:45,0.6,"Rain, Overcast",Cloudy skies throughout the day with early morning rain.,rain,"72505394728,KEWR,KLGA,72502014734,F1417,KNYC,72503014732"
new york city,2025-05-16,21.9,16.8,18.9,21.9,16.8,18.9,16.4,85.8,3.11,100,8.33,rain,0,0,38.9,12.4,121.3,1008,79.5,7.6,127,11,7,,2025-05-16T05:37:49,2025-05-16T20:07:43,0.64,"Rain, Partially cloudy",Partly cloudy throughout the day with afternoon rain.,rain,"72505394728,KEWR,KLGA,72502014734,F1417,KNYC,72503014732"
new york city,2025-05-17,27.7,17.4,22.4,27.6,17.4,22.3,15.1,66.9,0,0,0,,0,0,59.1,25.2,227.3,1001.2,53.1,12.9,235,20.4,10,,2025-05-17T05:36:55,2025-05-17T20:08:40,0.67,Partially cloudy,Becoming cloudy in the afternoon.,partly-cloudy-day,"72505394728,KEWR,KLGA,72502014734,F1417,KNYC,72503014732"
new york city,2025-05-18,23.1,16.6,19.9,23.1,16.6,19.9,8.5,48,0,0,0,,0,0,58.8,30,280.9,1002.4,66.2,16,247.2,21.3,10,,2025-05-18T05:36:03,2025-05-18T20:09:36,0.71,Partially cloudy,Partly cloudy throughout the day.,partly-cloudy-day,"72505394728,KEWR,KLGA,72502014734,F1417,KNYC,72503014732"
new york city,2025-05-19,20.8,13.1,17,20.8,13.1,17,4.3,44.8,0,0,0,,0,0,57.9,36,305.6,1007.8,39.5,16,306.1,26.6,10,,2025-05-19T05:35:13,2025-05-19T20:10:32,0.74,Partially cloudy,Becoming cloudy in the afternoon.,partly-cloudy-day,"72505394728,KEWR,KLGA,72502014734,F1417,KNYC,72503014732"
new york city,2025-05-20,19.1,9.6,14.3,19.1,7.7,14.1,3.5,48.9,0,0,0,,0,0,50,23.8,5,1013.8,22.8,16,295.9,25.7,10,,2025-05-20T05:34:25,2025-05-20T20:11:27,0.75,Partially cloudy,Partly cloudy throughout the day.,partly-cloudy-day,"72505394728,KEWR,KLGA,72502014734,F1417,KNYC,72503014732"
new york city,2025-05-21,15,9.8,12,15,6.8,11.8,7.2,72.2,1.692,100,25,rain,0,0,44.6,26.5,97.6,1015.3,99.9,15.3,46.9,3.7,2,,2025-05-21T05:33:38,2025-05-21T20:12:21,0.81,"Rain, Overcast",Cloudy skies throughout the day with rain.,rain,"72505394728,KEWR,KLGA,72502014734,F1417,KNYC,72503014732"
new york city,2025-05-22,11,9.1,9.9,11,6.4,8.6,7.8,86.9,22.037,100,75,rain,0,0,41.7,27.2,54.3,1010.3,99.9,10.6,50,4.3,2,,2025-05-22T05:32:53,2025-05-22T20:13:15,0.85,"Rain, Overcast",Cloudy skies throughout the day with a chance of rain throughout the day.,rain,"72505394728,KEWR,KLGA,72502014734,F1417,KNYC,72503014732"
new york city,2025-05-23,16.7,8.7,11.5,16.7,7.7,11.5,7.8,78.5,4.953,100,29.17,rain,0,0,45.1,20.5,306.1,1009.6,98,14.3,110.7,9.7,5,,2025-05-23T05:32:09,2025-05-23T20:14:08,0.88,"Rain, Overcast",Cloudy skies throughout the day with rain.,rain,"72505394728,KEWR,KLGA,72502014734,F1417,KNYC,72503014732"
new york city,2025-05-24,17.7,10,13.7,17.7,8.5,13.6,5.9,60.6,0.147,100,8.33,rain,0,0,53.4,30,279.8,1013.7,81.6,16,210,18.1,9,,2025-05-24T05:31:28,2025-05-24T20:15:00,0.91,"Rain, Partially cloudy",Partly cloudy throughout the day with rain.,rain,"72505394728,KEWR,KLGA,72502014734,F1417,KNYC,72503014732"
new york city,2025-05-25,18.8,11.5,15.4,18.8,11.5,15.4,6,54.3,0,0,0,,0,0,61,27,302,1018.6,69.9,16,171,14.8,7,,2025-05-25T05:30:48,2025-05-25T20:15:51,0.95,Partially cloudy,Partly cloudy throughout the day.,partly-cloudy-day,"72505394728,KEWR,KLGA,72502014734,F1417,KNYC,72503014732"
new york city,2025-05-26,22.5,11.9,17.3,22.5,11.9,17.3,6.5,51.2,0,0,0,,0,0,35.3,16,346.8,1022.3,26.4,16,312,26.9,10,,2025-05-26T05:30:10,2025-05-26T20:16:41,0,Partially cloudy,Partly cloudy throughout the day.,partly-cloudy-day,"72505394728,KEWR,KLGA,72502014734,F1417,KNYC,72503014732"
new york city,2025-05-27,23.3,14,18.9,23.3,14,18.9,8.3,51.7,0,0,0,,0,0,35.3,12.7,202.3,1026.2,29.4,16,222.9,19.5,7,,2025-05-27T05:29:35,2025-05-27T20:17:30,0.02,Partially cloudy,Partly cloudy throughout the day.,partly-cloudy-day,"72505394728,KEWR,KLGA,72502014734,F1417,KNYC,72503014732"
new york city,2025-05-28,18.6,12.1,15.6,18.6,12.1,15.6,8.2,62.8,10.704,100,33.33,rain,0,0,36.8,24.4,145.2,1025,75.9,14,96.3,8.4,4,,2025-05-28T05:29:01,2025-05-28T20:18:18,0.05,"Rain, Partially cloudy",Partly cloudy throughout the day with rain.,rain,"72505394728,KEWR,KLGA,72502014734,F1417,KNYC,72503014732"
new york city,2025-05-29,19.4,12.5,15.7,19.4,12.5,15.7,13.3,86.1,1.515,100,37.5,rain,0,0,38.9,25.5,42.7,1016.5,87.7,12.7,108,9.3,3,,2025-05-29T05:28:29,2025-05-29T20:19:05,0.08,"Rain, Partially cloudy",Partly cloudy throughout the day with rain clearing later.,rain,"72505394728,KEWR,KLGA,72502014734,F1417,KNYC,72503014732"
new york city,2025-05-30,23.5,16.8,19.1,23.5,16.8,19.1,15.1,77.7,0,0,0,,0,0,37.9,20.8,174.9,1004.8,82.3,14.7,220.2,19,10,,2025-05-30T05:27:58,2025-05-30T20:19:51,0.12,Partially cloudy,Partly cloudy throughout the day.,partly-cloudy-day,"72505394728,KEWR,KLGA,72502014734,F1417,KNYC,72503014732"
new york city,2025-05-31,19.9,13,16.9,19.9,13,16.9,10.7,68.3,11.508,100,25,rain,0,0,60.7,29.6,287.7,991.9,85.7,13.4,218.6,18.8,9,,2025-05-31T05:27:30,2025-05-31T20:20:36,0.15,"Rain, Partially cloudy",Partly cloudy throughout the day with rain clearing later.,rain,"72505394728,KEWR,KLGA,72502014734,F1417,KNYC,72503014732"
new york city,2025-06-01,18.7,10.7,14.9,18.7,10.7,14.9,3.8,48.9,0,0,0,,0,0,51.1,28.3,265.6,1005.6,65.7,16,203.2,17.6,10,,2025-06-01T05:27:04,2025-06-01T20:21:20,0.18,Partially cloudy,Partly cloudy throughout the day.,partly-cloudy-day,"72505394728,KEWR,KLGA,72502014734,F1417,KNYC,72503014732"
new york city,2025-06-02,21.7,12,17.1,21.7,12,17.1,6,49.3,0,0,0,,0,0,36.8,11.7,279.2,1014.6,45.8,16,303.5,26.2,10,,2025-06-02T05:26:40,2025-06-02T20:22:03,0.25,Partially cloudy,Partly cloudy throughout the day.,partly-cloudy-day,"72505394728,KEWR,KLGA,72502014734,F1417,KNYC,72503014732"
new york city,2025-06-03,25.9,14,20.2,25.9,14,20.2,6,42.4,0,0,0,,0,0,35.3,19.6,126.8,1020,18.2,16,323.3,28,10,,2025-06-03T05:26:17,2025-06-03T20:22:44,0.25,Clear,Clear conditions throughout the day.,clear-day,"72505394728,KEWR,KLGA,72502014734,F1417,KNYC,72503014732"
new york city,2025-06-04,27.9,16.8,22.6,27.9,16.8,22.6,11.7,50.9,0,0,0,,0,0,40.7,21.6,174.8,1021.3,21.9,16,310.2,26.7,10,,2025-06-04T05:25:57,2025-06-04T20:23:24,0.28,Partially cloudy,Partly cloudy throughout the day.,partly-cloudy-day,"72505394728,KEWR,KLGA,72502014734,F1417,KNYC,72503014732"
new york city,2025-06-05,30.5,21.1,25.9,31,21.1,26.2,16.6,57.1,0,0,0,,0,0,35.3,16.6,209.5,1016.6,29.5,14.9,292.5,25.2,10,,2025-06-05T05:25:39,2025-06-05T20:24:03,0.31,Partially cloudy,Partly cloudy throughout the day.,partly-cloudy-day,"72505394728,KEWR,KLGA,72502014734,F1417,KNYC,72503014732"
new york city,2025-06-06,28.5,22.3,25.5,29.5,22.3,25.8,17.6,61.6,0.343,100,8.33,rain,0,0,66.6,22,228.3,1012.4,34.4,14,266.5,23.2,9,,2025-06-06T05:25:22,2025-06-06T20:24:40,0.35,"Rain, Partially cloudy",Partly cloudy throughout the day with late afternoon rain.,rain,"72505394728,KEWR,KLGA,72502014734,F1417,KNYC,72503014732"
new york city,2025-06-07,24.4,19.8,22.8,24.4,19.8,22.8,18.6,77.6,13.948,100,29.17,rain,0,0,35.3,15.5,341.3,1007.6,76.5,13.1,135,11.5,5,,2025-06-07T05:25:08,2025-06-07T20:25:16,0.38,"Rain, Partially cloudy",Partly cloudy throughout the day with rain.,rain,"72505394728,KEWR,KLGA,72502014734,F1417,KNYC,72503014732"
new york city,2025-06-08,23.9,17.4,20.2,23.9,17.4,20.2,14.8,71.6,0.838,100,4.17,rain,0,0,42.5,20.7,80.6,1010.2,63.6,14.8,146.4,12.5,6,,2025-06-08T05:24:55,2025-06-08T20:25:50,0.41,"Rain, Partially cloudy",Becoming cloudy in the afternoon with morning rain.,rain,"72505394728,KEWR,KLGA,72502014734,F1417,KNYC,72503014732"
new york city,2025-06-09,18.5,16.7,17.4,18.5,16.7,17.4,14.3,82.2,0.725,100,20.83,rain,0,0,50,14.7,67.5,1012.1,100,10.5,65,5.5,2,,2025-06-09T05:24:45,2025-06-09T20:26:23,0.45,"Rain, Overcast",Cloudy skies throughout the day with rain in the morning and afternoon.,rain,"72505394728,KEWR,KLGA,72502014734,F1417,KNYC,72503014732"
new york city,2025-06-10,23.5,17,19.3,23.5,17,19.3,16.5,84.1,10.24,100,25,rain,0,0,33.5,14.6,37.5,1011.4,85.8,9.5,108.2,9.3,5,,2025-06-10T05:24:36,2025-06-10T20:26:55,0.48,"Rain, Partially cloudy",Partly cloudy throughout the day with rain in the morning and afternoon.,rain,"72505394728,KEWR,KLGA,72502014734,F1417,KNYC,72503014732"
new york city,2025-06-11,27.5,18.5,23.7,27.1,18.5,23.6,12.8,53.1,0,0,0,,0,0,42.5,24.1,258.8,1016.8,30.3,15.2,313.9,27.2,10,,2025-06-11T05:24:30,2025-06-11T20:27:25,0.5,Partially cloudy,Partly cloudy throughout the day.,partly-cloudy-day,"72505394728,KEWR,KLGA,72502014734,F1417,KNYC,72503014732"
new york city,2025-06-12,30.7,21.7,26.3,30.3,21.7,26.2,13.8,47,0,0,0,,0,0,42.5,16.3,254.9,1016,25.8,14.7,288.4,24.8,10,,2025-06-12T05:24:25,2025-06-12T20:27:53,0.55,Partially cloudy,Partly cloudy throughout the day.,partly-cloudy-day,"72505394728,KEWR,KLGA,72502014734,F8726,F1417,KNYC,72503014732"
new york city,2025-06-13,25.1,20.6,23.1,25.1,20.6,23.1,10,43.8,0,0,0,,0,0,47.9,14.8,50.2,1019.2,51.2,14.2,249.9,21.6,8,,2025-06-13T05:24:23,2025-06-13T20:28:19,0.58,Partially cloudy,Partly cloudy throughout the day.,partly-cloudy-day,"72505394728,KEWR,KLGA,72502014734,F1417,KNYC,72503014732"
new york city,2025-06-14,20.6,15.8,17.3,20.6,15.8,17.3,13.3,77.8,5.301,100,37.5,rain,0,0,55.4,22.1,56.6,1018.7,90.5,11.3,56.8,4.9,2,,2025-06-14T05:24:22,2025-06-14T20:28:44,0.62,"Rain, Overcast",Cloudy skies throughout the day with rain.,rain,"72505394728,KEWR,KLGA,72502014734,F1417,KNYC,72503014732"
new york city,2025-06-15,17.7,15.1,16,17.7,15.1,16,12.6,80.3,1.485,100,41.67,rain,0,0,31.7,14.5,56.2,1021.2,100,12.3,48.9,4.2,2,,2025-06-15T05:24:24,2025-06-15T20:29:07,0.65,"Rain, Overcast",Cloudy skies throughout the day with rain.,rain,"72505394728,KEWR,KLGA,72502014734,F1417,KNYC,72503014732"
new york city,2025-06-16,20.5,15.5,17.5,20.5,15.5,17.5,14.2,81.3,0.793,100,12.5,rain,0,0,38.9,18.4,62,1020.1,99.7,13,67.6,6,4,,2025-06-16T05:24:27,2025-06-16T20:29:29,0.69,"Rain, Overcast",Cloudy skies throughout the day with rain.,rain,"72505394728,KEWR,KLGA,72502014734,F1417,KNYC,72503014732"
new york city,2025-06-17,19.6,16.8,18.1,19.6,16.8,18.1,16.7,91.2,2.017,100,25,rain,0,0,20.2,14,64.7,1017.2,100,4.9,56.6,5.2,2,,2025-06-17T05:24:32,2025-06-17T20:29:48,0.72,"Rain, Overcast",Cloudy skies throughout the day with rain clearing later.,rain,"72505394728,KEWR,KLGA,72502014734,F1417,KNYC,72503014732"
new york city,2025-06-18,28.8,18.3,22.4,31,18.3,22.7,18.9,81.8,0.945,100,12.5,rain,0,0,35.3,11.7,125.6,1013,80.4,9,239.8,20.8,9,,2025-06-18T05:24:39,2025-06-18T20:30:06,0.75,"Rain, Partially cloudy",Partly cloudy throughout the day with rain clearing later.,rain,"72505394728,KEWR,KLGA,72502014734,F1417,KNYC,72503014732"
new york city,2025-06-19,31,21.8,25.1,34.2,21.8,25.7,21,78.8,15.227,100,29.17,rain,0,0,81.6,17.6,222.6,1008.5,37.4,12.4,198.5,17.2,7,,2025-06-19T05:24:48,2025-06-19T20:30:22,0.8,"Rain, Partially cloudy",Becoming cloudy in the afternoon with rain.,rain,"72505394728,KEWR,KLGA,72502014734,F1417,KNYC,72503014732"
new york city,2025-06-20,28.1,19.8,24.3,27.8,19.8,24.3,13.9,54,0.573,100,4.17,rain,0,0,46.3,26.5,267.8,1011.2,38.9,16,322.1,27.7,10,,2025-06-20T05:24:59,2025-06-20T20:30:36,0.83,"Rain, Partially cloudy",Becoming cloudy in the afternoon with morning rain.,rain,"72505394728,KEWR,KLGA,72502014734,F1417,KNYC,72503014732"
new york city,2025-06-21,30.7,22.6,26.5,31.1,22.6,26.6,15.3,50.8,0,0,0,,0,0,42.5,20.9,242.9,1018.3,39.8,16,258,22.3,9,,2025-06-21T05:25:12,2025-06-21T20:30:49,0.87,Partially cloudy,Partly cloudy throughout the day.,partly-cloudy-day,"72505394728,KEWR,KLGA,72502014734,F1417,KNYC,72503014732"
new york city,2025-06-22,31.2,22.4,27,34.3,22.4,28.3,19.8,65.6,2.18,100,16.67,rain,0,0,48.9,21.5,248.3,1016.9,41.5,15.3,139.4,11.9,6,,2025-06-22T05:25:26,2025-06-22T20:30:59,0.9,"Rain, Partially cloudy",Partly cloudy throughout the day with rain in the morning and afternoon.,rain,"72505394728,KEWR,KLGA,72502014734,F1417,KNYC,72503014732"
new york city,2025-06-23,35.2,26.7,30.7,40.7,29,35,23,64.1,0,0,0,,0,0,33.5,21.3,102.2,1017.6,40.6,14.9,276.2,23.8,9,,2025-06-23T05:25:42,2025-06-23T20:31:08,0.94,Partially cloudy,Partly cloudy throughout the day.,partly-cloudy-day,"72505394728,KEWR,KLGA,72502014734,F1417,KNYC,72503014732"
new york city,2025-06-24,36.8,27.9,32.6,38.2,30.4,34.4,19.1,47.5,0,0,0,,0,0,40.7,21.3,304.2,1017.7,18.2,15.8,332.3,28.8,10,,2025-06-24T05:26:00,2025-06-24T20:31:14,0.97,Clear,Clear conditions throughout the day.,clear-day,"72505394728,KEWR,KLGA,72502014734,F1417,KNYC,72503014732"
new york city,2025-06-25,35.5,28.1,31.9,37.3,29.4,33.5,19.1,47.5,0,0,0,,0,0,47.9,14.2,338.9,1016,22.1,16,290.5,25.1,9,,2025-06-25T05:26:20,2025-06-25T20:31:19,0,Partially cloudy,Partly cloudy throughout the day.,partly-cloudy-day,"72505394728,KEWR,KLGA,72502014734,F1417,KNYC,72503014732"
new york city,2025-06-26,29.9,19.6,23.6,32.3,19.6,24,15.9,62.4,0.08,100,4.17,rain,0,0,54.5,29,53,1018,89.8,15.6,135.5,11.7,5,,2025-06-26T05:26:42,2025-06-26T20:31:21,0.04,"Rain, Partially cloudy",Partly cloudy throughout the day with late afternoon rain.,rain,"72505394728,KEWR,KLGA,72502014734,F1417,KNYC,72503014732"
new york city,2025-06-27,22.2,17.4,19.8,22.2,17.4,19.8,10.5,57.4,1.58,100,8.33,rain,0,0,34.6,21,86,1023.2,100,16,125.5,10.7,8,,2025-06-27T05:27:05,2025-06-27T20:31:22,0.07,"Rain, Overcast",Cloudy skies throughout the day with early morning rain.,rain,"72505394728,KEWR,KLGA,72502014734,F1417,KNYC,72503014732"
new york city,2025-06-28,28.7,17.4,22.5,30.9,17.4,23.2,18.1,77.1,1.401,100,20.83,rain,0,0,33.5,18.2,218.5,1017.9,72.6,11.4,205.5,17.7,8,,2025-06-28T05:27:29,2025-06-28T20:31:21,0.1,"Rain, Partially cloudy",Partly cloudy throughout the day with rain clearing later.,rain,"72505394728,KEWR,KLGA,72502014734,F1417,KNYC,72503014732"
new york city,2025-06-29,32,25.2,28.4,32.4,25.2,28.8,18.4,56.8,0,0,0,,0,0,40.7,16.8,295.8,1014.5,30.5,15.9,301.7,26.1,9,,2025-06-29T05:27:56,2025-06-29T20:31:17,0.14,Partially cloudy,Partly cloudy throughout the day.,partly-cloudy-day,"72505394728,KEWR,KLGA,72502014734,F1417,KNYC,72503014732"
new york city,2025-06-30,32,22.2,27,33,22.2,27.8,18.1,59,0.12,100,4.17,rain,0,0,49.1,22.8,73.3,1014.7,28.7,15.9,299.6,26,10,,2025-06-30T05:28:24,2025-06-30T20:31:12,0.17,"Rain, Partially cloudy",Partly cloudy throughout the day with late afternoon rain.,rain,"72505394728,KEWR,KLGA,72502014734,F1417,KNYC,72503014732"
